{"count":1,"self":49.6994176,"total":56.5646986,"children":{"InitializeActuators":{"count":1,"self":0.0010002,"total":0.0010002,"children":null},"InitializeSensors":{"count":1,"self":0.0030648,"total":0.0030648,"children":null},"AgentSendState":{"count":2805,"self":0.0507914,"total":0.060657199999999994,"children":{"CollectObservations":{"count":935,"self":0.0020001999999999997,"total":0.0020001999999999997,"children":null},"WriteActionMask":{"count":935,"self":0.0020009999999999997,"total":0.0020009999999999997,"children":null},"RequestDecision":{"count":935,"self":0.0058645999999999993,"total":0.0058645999999999993,"children":null}}},"DecideAction":{"count":2805,"self":0.96317429999999993,"total":6.7631874,"children":{"RayPerceptionSensor.Perceive":{"count":935,"self":5.8000131999999995,"total":5.8000131,"children":null}}},"AgentAct":{"count":2805,"self":0.0353724,"total":0.0353724,"children":null}},"gauges":{"Drive.CumulativeReward":{"count":2,"max":6.08359766,"min":2.426709,"runningAverage":4.255153,"value":6.08359766,"weightedAverage":3.34093118}},"metadata":{"timer_format_version":"0.1.0","start_time_seconds":"1704436624","unity_version":"2022.3.11f1","command_line_arguments":"D:\\ABERTAY\\MSc\\2202875\\MAT501-Applied Mathematics and Artificial Intelligence\\Assessment\\SUBMISSION\\_BUILDS\\PC\\SelfDrivingAI.exe","communication_protocol_version":"1.5.0","com.unity.ml-agents_version":"2.0.1","scene_name":"SampleScene","end_time_seconds":"1704436680"}}